benchmark,method,condition,ucum_mean,ucum_sd,ucum_ci_lo,ucum_ci_hi,pfail_mean,pfail_ci_lo,pfail_ci_hi
B1,ELS_Phil,stationary,1054.6847,407.9601,981.1503,1125.1121,0.8550,0.8100,0.9000
B1,ELS_Phil,nonstationary,976.5049,414.8290,915.3889,1037.4476,0.9600,0.9200,0.9900
B1,ELS_Pres,stationary,708.9069,689.3381,622.0193,797.7334,0.9250,0.8850,0.9600
B1,ELS_Pres,nonstationary,744.1800,588.1223,689.1996,801.6781,0.9650,0.9350,0.9900
B1,ELS_Int,stationary,947.5664,546.9666,851.0653,1039.9083,0.8850,0.8500,0.9200
B1,ELS_Int,nonstationary,838.7541,549.5360,774.7816,897.7829,0.9600,0.9350,0.9850
B1,SARSOP,stationary,1707.0186,274.1825,1676.0890,1739.4831,0.4050,0.3400,0.4651
B1,SARSOP,nonstationary,1561.8760,292.6900,1518.6647,1603.3165,0.6500,0.5600,0.7300
B1,PBVI,stationary,1669.8076,291.9757,1635.2007,1705.4593,0.4400,0.3500,0.5200
B1,PBVI,nonstationary,1587.3404,307.8650,1545.9478,1630.1292,0.6100,0.5550,0.6650
B1,SDP_S,stationary,1622.7852,340.5145,1583.7165,1663.2839,0.6350,0.5500,0.7150
B1,SDP_S,nonstationary,1543.7394,296.2425,1510.2375,1578.2463,0.8800,0.8350,0.9250
B1,SDP_NS,stationary,1600.4643,314.4122,1559.8172,1643.9668,0.7100,0.6550,0.7600
B1,SDP_NS,nonstationary,1534.4506,353.0407,1494.3856,1580.4153,0.8500,0.8150,0.8850
B1,MPC,stationary,1578.8239,310.0094,1525.9900,1629.9670,0.7350,0.6650,0.7950
B1,MPC,nonstationary,1499.0913,346.0621,1460.3992,1534.9754,0.8550,0.8150,0.8950
B1,RDM,stationary,1575.2286,317.2027,1537.3210,1611.3574,0.7000,0.6300,0.7600
B1,RDM,nonstationary,1471.7653,342.1975,1421.0866,1518.2832,0.8700,0.8200,0.9150
B1,InfoGap,stationary,139.8656,0.0000,139.8656,139.8656,0.2150,0.1650,0.2650
B1,InfoGap,nonstationary,139.8656,0.0000,139.8656,139.8656,0.1550,0.1200,0.1950
B1,AlwaysRestricted,stationary,1439.1922,273.8409,1409.8314,1469.7813,0.4650,0.3950,0.5350
B1,AlwaysRestricted,nonstationary,1356.1740,323.7058,1307.0358,1394.7104,0.6600,0.5850,0.7300
B1,MyopicEU,stationary,1593.7881,364.0119,1540.4766,1645.1673,0.6800,0.6150,0.7400
B1,MyopicEU,nonstationary,1507.8277,327.4789,1471.3342,1542.5564,0.8150,0.7750,0.8550
B1,SARSOP_Misspec,stationary,1659.7605,300.2914,1627.1752,1695.0239,0.4800,0.4300,0.5250
B1,SARSOP_Misspec,nonstationary,1574.2024,283.5438,1535.5044,1610.5438,0.5850,0.5050,0.6650
B1,SDP_S_Misspec,stationary,1656.4233,290.0306,1626.4577,1687.8472,0.6300,0.5750,0.6900
B1,SDP_S_Misspec,nonstationary,1558.2112,325.4290,1507.9645,1608.7638,0.7700,0.7050,0.8250
B1,ELS_Phil_T,stationary,1536.9012,308.5136,1493.7173,1575.5434,0.6800,0.6050,0.7550
B1,ELS_Phil_T,nonstationary,1439.7647,305.9700,1394.1390,1484.9756,0.9100,0.8850,0.9350
B1,ELS_Int_T,stationary,1510.2073,315.6051,1466.1260,1555.7514,0.7150,0.6600,0.7700
B1,ELS_Int_T,nonstationary,1450.4348,310.0959,1399.5953,1496.6834,0.8900,0.8600,0.9250
B2,ELS_Phil,stationary,755.8692,278.5860,709.3364,803.5547,0.7950,0.7400,0.8500
B2,ELS_Phil,nonstationary,666.9147,229.5647,634.9422,699.5356,0.8900,0.8550,0.9250
B2,ELS_Pres,stationary,612.7818,395.1096,565.1255,659.7248,0.8300,0.7750,0.8750
B2,ELS_Pres,nonstationary,541.9108,335.3107,492.1946,590.3665,0.9100,0.8500,0.9550
B2,ELS_Int,stationary,698.7518,353.1983,646.7379,749.2455,0.7850,0.7250,0.8450
B2,ELS_Int,nonstationary,648.4089,255.7693,613.2736,686.9840,0.9100,0.8700,0.9450
B2,SARSOP,stationary,1281.4692,232.0493,1255.5185,1307.3924,0.2600,0.2150,0.3100
B2,SARSOP,nonstationary,1181.5523,224.3707,1151.9221,1209.0177,0.4300,0.3500,0.5001
B2,PBVI,stationary,1263.4098,232.6071,1236.3077,1288.8337,0.2700,0.2000,0.3400
B2,PBVI,nonstationary,1181.7621,224.1002,1159.1776,1207.5946,0.4200,0.3600,0.4750
B2,SDP_S,stationary,1273.7170,249.5644,1243.1677,1303.9695,0.3600,0.3150,0.4051
B2,SDP_S,nonstationary,1198.7807,233.7555,1170.7750,1227.5688,0.4850,0.4150,0.5550
B2,SDP_NS,stationary,1249.7063,246.6438,1216.3166,1284.5364,0.4200,0.3550,0.4900
B2,SDP_NS,nonstationary,1212.4964,242.6681,1185.1507,1236.4063,0.4500,0.3900,0.5150
B2,MPC,stationary,1231.4136,268.0623,1193.1646,1268.2699,0.4850,0.4150,0.5550
B2,MPC,nonstationary,1173.9457,278.8988,1149.9451,1196.9248,0.5650,0.5050,0.6250
B2,RDM,stationary,1238.1543,249.0104,1207.8398,1266.8194,0.3900,0.3250,0.4550
B2,RDM,nonstationary,1141.1827,276.3025,1104.8966,1175.3327,0.5750,0.5050,0.6400
B2,InfoGap,stationary,1084.2394,161.7945,1064.7155,1102.6054,0.2750,0.2150,0.3400
B2,InfoGap,nonstationary,1087.4929,150.2818,1063.4403,1111.5053,0.3150,0.2300,0.4050
B2,AlwaysRestricted,stationary,928.2528,460.8347,879.8432,976.9353,0.5250,0.4650,0.5851
B2,AlwaysRestricted,nonstationary,810.8548,547.0763,744.6482,869.3622,0.6850,0.6200,0.7500
B2,MyopicEU,stationary,1263.8316,299.3178,1218.2308,1307.6821,0.4150,0.3300,0.5000
B2,MyopicEU,nonstationary,1194.7662,239.9245,1164.8537,1224.5250,0.5350,0.4649,0.6050
B2,SARSOP_Misspec,stationary,1251.4586,242.3622,1224.6855,1281.1511,0.3000,0.2600,0.3400
B2,SARSOP_Misspec,nonstationary,1191.4087,210.9031,1168.7342,1214.9519,0.3800,0.3100,0.4500
B2,SDP_S_Misspec,stationary,1264.0031,218.2663,1236.4993,1291.6593,0.3450,0.2750,0.4100
B2,SDP_S_Misspec,nonstationary,1199.8647,243.9975,1161.8391,1240.2670,0.4450,0.4000,0.4900
B2,ELS_Phil_T,stationary,1106.7263,259.6325,1067.1531,1145.2212,0.5400,0.4750,0.6150
B2,ELS_Phil_T,nonstationary,1041.8548,271.3879,1001.7595,1084.6412,0.6150,0.5700,0.6650
B2,ELS_Int_T,stationary,1083.7976,284.5370,1052.1621,1113.2878,0.5350,0.4800,0.5850
B2,ELS_Int_T,nonstationary,1030.3777,266.8946,988.5258,1073.8168,0.6700,0.5950,0.7400
B3,ELS_Phil,stationary,-140.3586,731.6242,-236.6075,-42.3445,0.8750,0.8250,0.9200
B3,ELS_Phil,nonstationary,-82.3245,809.6431,-220.2879,44.2748,0.9200,0.8800,0.9550
B3,ELS_Pres,stationary,-166.2371,932.5048,-312.7811,-45.7311,0.8700,0.8250,0.9100
B3,ELS_Pres,nonstationary,-240.8509,926.4186,-393.8502,-98.8702,0.9500,0.9150,0.9800
B3,ELS_Int,stationary,-134.0974,833.1830,-255.9619,-18.4739,0.8750,0.8300,0.9150
B3,ELS_Int,nonstationary,-222.8206,799.1516,-315.2143,-112.7684,0.9250,0.8850,0.9600
B3,SARSOP,stationary,528.2263,310.4034,493.5394,565.1898,0.7300,0.6650,0.7850
B3,SARSOP,nonstationary,556.3877,342.3138,526.0924,589.4907,0.8600,0.8000,0.9150
B3,PBVI,stationary,572.2918,343.3416,523.1797,622.4166,0.7100,0.6500,0.7650
B3,PBVI,nonstationary,565.6065,353.4167,523.7553,608.1284,0.8300,0.7850,0.8750
B3,SDP_S,stationary,663.7621,270.9261,621.7079,701.9008,0.5450,0.4800,0.6100
B3,SDP_S,nonstationary,714.0786,293.7328,674.9587,751.3026,0.7450,0.6900,0.8100
B3,SDP_NS,stationary,689.3165,291.4566,653.5616,724.4881,0.5950,0.5250,0.6600
B3,SDP_NS,nonstationary,703.4959,291.0588,671.3921,735.0504,0.6600,0.5950,0.7250
B3,MPC,stationary,651.8712,269.9961,613.3992,696.8213,0.6200,0.5600,0.6750
B3,MPC,nonstationary,687.6744,259.9817,666.7287,712.1907,0.7450,0.6900,0.7900
B3,RDM,stationary,673.2539,271.0466,645.2594,703.0252,0.5450,0.4950,0.5900
B3,RDM,nonstationary,719.9663,280.9050,685.1825,753.2521,0.7350,0.6950,0.7750
B3,InfoGap,stationary,703.0658,281.8831,670.5621,737.3822,0.6200,0.5600,0.6850
B3,InfoGap,nonstationary,700.1450,298.1995,666.8797,731.7817,0.7700,0.7100,0.8300
B3,AlwaysRestricted,stationary,280.8604,429.7657,232.0429,330.6234,0.5300,0.4700,0.5950
B3,AlwaysRestricted,nonstationary,279.8689,390.8252,220.5925,329.2491,0.6900,0.6300,0.7450
B3,MyopicEU,stationary,662.3465,268.5931,627.4082,699.1740,0.5400,0.4750,0.6050
B3,MyopicEU,nonstationary,723.3609,283.8035,692.3407,754.5258,0.6900,0.6300,0.7450
B3,SARSOP_Misspec,stationary,571.8776,332.9364,519.8888,620.4001,0.7300,0.6750,0.7850
B3,SARSOP_Misspec,nonstationary,539.4017,350.1214,492.3400,582.8264,0.8400,0.7750,0.9000
B3,SDP_S_Misspec,stationary,695.8448,287.9791,660.0318,732.6057,0.5750,0.5100,0.6350
B3,SDP_S_Misspec,nonstationary,694.0577,287.7877,647.0399,740.1754,0.6900,0.6250,0.7500
B3,ELS_Phil_T,stationary,594.1254,312.2460,569.5370,621.4174,0.6900,0.6300,0.7500
B3,ELS_Phil_T,nonstationary,618.8537,345.9293,567.2709,677.1388,0.8600,0.8050,0.9100
B3,ELS_Int_T,stationary,606.3153,307.0429,575.5313,636.0990,0.7800,0.7350,0.8300
B3,ELS_Int_T,nonstationary,612.1190,321.0283,568.1546,656.4949,0.8350,0.7899,0.8850
B4,ELS_Phil,stationary,421.2923,424.0029,351.7414,492.5452,0.7950,0.7350,0.8501
B4,ELS_Phil,nonstationary,373.3120,437.7603,303.5666,440.9664,0.9150,0.8750,0.9500
B4,ELS_Pres,stationary,400.2433,613.3419,323.5160,472.1424,0.8400,0.7900,0.8850
B4,ELS_Pres,nonstationary,376.8152,541.3558,289.1854,464.3615,0.9150,0.8850,0.9400
B4,ELS_Int,stationary,368.3216,504.0100,303.4480,428.5366,0.8750,0.8300,0.9150
B4,ELS_Int,nonstationary,337.3673,472.3004,274.5919,404.1301,0.9150,0.8650,0.9550
B4,SARSOP,stationary,1009.0641,219.9623,977.1179,1041.2848,0.4850,0.4250,0.5450
B4,SARSOP,nonstationary,966.2050,203.0457,940.3797,990.6995,0.6800,0.6200,0.7301
B4,PBVI,stationary,994.4377,205.7828,968.1607,1021.5545,0.5450,0.4800,0.6150
B4,PBVI,nonstationary,958.9393,183.8166,934.0735,985.7426,0.6950,0.6450,0.7401
B4,SDP_S,stationary,1057.2551,174.8824,1043.2182,1071.8390,0.6050,0.5450,0.6650
B4,SDP_S,nonstationary,1021.4202,184.7707,996.1881,1048.7709,0.7950,0.7450,0.8450
B4,SDP_NS,stationary,1027.5082,177.4630,1005.8553,1049.6336,0.6500,0.5900,0.7150
B4,SDP_NS,nonstationary,1030.3575,143.5068,1006.9297,1051.1742,0.7550,0.7050,0.8100
B4,MPC,stationary,1044.6884,169.4701,1024.6523,1066.6711,0.6550,0.6000,0.7100
B4,MPC,nonstationary,996.7512,182.0840,973.5303,1017.3523,0.8100,0.7650,0.8550
B4,RDM,stationary,1044.4242,158.9628,1027.5647,1062.6079,0.5400,0.4650,0.6101
B4,RDM,nonstationary,1018.7452,176.2800,994.7495,1042.2475,0.7450,0.6950,0.7950
B4,InfoGap,stationary,1032.1863,155.5712,1012.3369,1052.9266,0.5400,0.4900,0.5900
B4,InfoGap,nonstationary,1024.1101,167.6271,1002.6266,1046.1435,0.6200,0.5550,0.6900
B4,AlwaysRestricted,stationary,600.2289,365.6354,554.0582,647.9533,0.6500,0.6000,0.7000
B4,AlwaysRestricted,nonstationary,531.1577,406.1418,467.3937,587.5020,0.8000,0.7350,0.8650
B4,MyopicEU,stationary,1039.4133,171.7438,1022.6314,1057.0829,0.5900,0.5150,0.6650
B4,MyopicEU,nonstationary,1020.5091,164.5329,997.2539,1044.4891,0.6850,0.6250,0.7400
B4,SARSOP_Misspec,stationary,980.2399,207.5100,948.7636,1010.6722,0.5150,0.4500,0.5751
B4,SARSOP_Misspec,nonstationary,945.3431,185.4680,917.4405,969.1709,0.6750,0.6100,0.7350
B4,SDP_S_Misspec,stationary,1008.0695,178.1786,979.2455,1036.5914,0.4950,0.4350,0.5600
B4,SDP_S_Misspec,nonstationary,1006.8636,160.2205,989.2819,1024.4222,0.5650,0.5000,0.6250
B4,ELS_Phil_T,stationary,964.2498,212.3987,930.3456,996.6093,0.5850,0.5200,0.6550
B4,ELS_Phil_T,nonstationary,959.3293,195.6198,936.7743,982.7130,0.7400,0.6650,0.8050
B4,ELS_Int_T,stationary,961.1380,223.6931,928.4938,991.4451,0.6450,0.5900,0.7000
B4,ELS_Int_T,nonstationary,942.6615,222.0220,918.0780,968.6507,0.7450,0.6800,0.8050
B5,ELS_Phil,stationary,271.6886,499.2051,210.0714,332.8169,0.7850,0.7300,0.8350
B5,ELS_Phil,nonstationary,163.2040,487.1334,70.0332,249.7420,0.9500,0.9200,0.9750
B5,ELS_Pres,stationary,201.6119,548.0081,150.0590,252.9081,0.8950,0.8550,0.9350
B5,ELS_Pres,nonstationary,158.1332,530.3708,84.0857,236.3823,0.9500,0.9200,0.9750
B5,ELS_Int,stationary,156.3473,589.2850,63.9961,235.8177,0.8750,0.8300,0.9200
B5,ELS_Int,nonstationary,95.5172,512.5100,13.7167,176.5278,0.9350,0.8800,0.9750
B5,SARSOP,stationary,698.0587,224.5854,661.0317,737.7558,0.6300,0.5750,0.6900
B5,SARSOP,nonstationary,663.4783,232.4491,621.9980,707.0803,0.8300,0.7750,0.8800
B5,PBVI,stationary,687.2304,215.5727,656.5825,719.8298,0.6900,0.6300,0.7500
B5,PBVI,nonstationary,679.7326,203.5473,650.9858,706.0572,0.8150,0.7600,0.8700
B5,SDP_S,stationary,794.2517,176.7579,769.1028,819.7677,0.6750,0.6149,0.7450
B5,SDP_S,nonstationary,784.4422,180.0694,763.8513,804.5505,0.8100,0.7600,0.8650
B5,SDP_NS,stationary,786.9925,182.8205,759.9968,813.5641,0.7100,0.6650,0.7500
B5,SDP_NS,nonstationary,786.6214,165.1561,764.9537,807.4425,0.8250,0.7700,0.8800
B5,MPC,stationary,805.7186,178.5676,784.1569,830.0466,0.7150,0.6450,0.7800
B5,MPC,nonstationary,790.2857,182.5750,766.0929,813.4890,0.8500,0.8050,0.8900
B5,RDM,stationary,797.3392,176.4028,771.4777,821.3764,0.6300,0.5700,0.6850
B5,RDM,nonstationary,754.2524,182.0161,727.0974,781.9936,0.8300,0.7800,0.8750
B5,InfoGap,stationary,779.0282,188.4967,749.2296,805.3524,0.5950,0.5350,0.6550
B5,InfoGap,nonstationary,764.5034,183.5726,737.6106,791.1619,0.7650,0.7050,0.8201
B5,AlwaysRestricted,stationary,352.5363,427.2018,310.0564,395.0700,0.7700,0.7150,0.8250
B5,AlwaysRestricted,nonstationary,264.4579,502.4788,183.9172,335.0311,0.9150,0.8800,0.9500
B5,MyopicEU,stationary,784.7890,171.1609,764.9287,803.2724,0.6350,0.5750,0.6900
B5,MyopicEU,nonstationary,786.6755,182.2857,762.9842,807.8295,0.7050,0.6400,0.7700
B5,SARSOP_Misspec,stationary,676.1003,212.4256,644.9726,706.4024,0.6350,0.5800,0.6900
B5,SARSOP_Misspec,nonstationary,682.9445,200.0734,653.3098,711.0155,0.7800,0.7150,0.8450
B5,SDP_S_Misspec,stationary,755.5677,192.1475,728.4812,783.0394,0.6250,0.5549,0.6950
B5,SDP_S_Misspec,nonstationary,759.6154,173.9761,732.3345,787.1590,0.6850,0.6200,0.7400
B5,ELS_Phil_T,stationary,653.6455,231.3582,617.2711,690.5763,0.6700,0.6050,0.7350
B5,ELS_Phil_T,nonstationary,667.5094,230.1085,630.2025,707.8056,0.7850,0.7150,0.8500
B5,ELS_Int_T,stationary,656.7488,241.3449,632.4999,682.6070,0.7700,0.7100,0.8300
B5,ELS_Int_T,nonstationary,655.0959,235.2478,623.7637,684.4378,0.8550,0.7950,0.9100
B6,ELS_Phil,stationary,96.3645,701.0934,-4.8106,202.0054,0.8450,0.7900,0.9000
B6,ELS_Phil,nonstationary,-63.4036,688.4993,-199.0345,51.1749,0.9500,0.9300,0.9700
B6,ELS_Pres,stationary,86.9756,694.4469,10.3439,166.0081,0.9200,0.8750,0.9600
B6,ELS_Pres,nonstationary,65.4311,674.7484,-21.5889,156.5330,0.9500,0.9200,0.9750
B6,ELS_Int,stationary,-17.8998,785.2979,-118.9570,71.6187,0.8700,0.8250,0.9100
B6,ELS_Int,nonstationary,-51.7916,670.9737,-169.6943,56.8537,0.9500,0.9100,0.9801
B6,SARSOP,stationary,695.1908,307.2186,644.4302,746.3357,0.6950,0.6350,0.7550
B6,SARSOP,nonstationary,671.3105,314.0525,624.1129,717.5861,0.8600,0.8100,0.9100
B6,PBVI,stationary,700.4603,280.2953,662.1091,740.7238,0.7550,0.7049,0.8000
B6,PBVI,nonstationary,693.7328,265.2065,659.3413,730.7399,0.8250,0.7699,0.8800
B6,SDP_S,stationary,836.9791,200.2011,812.7508,859.1622,0.7400,0.6799,0.8000
B6,SDP_S,nonstationary,825.6481,208.1671,796.3812,851.3402,0.8700,0.8150,0.9200
B6,SDP_NS,stationary,832.0677,202.5552,799.1245,858.4740,0.7450,0.6900,0.8000
B6,SDP_NS,nonstationary,819.5601,189.2875,800.3624,840.0646,0.8400,0.7950,0.8800
B6,MPC,stationary,851.7285,201.9593,826.3259,877.6900,0.7400,0.6750,0.8000
B6,MPC,nonstationary,821.3239,218.1806,786.1054,858.7028,0.8450,0.8050,0.8750
B6,RDM,stationary,846.7364,195.6264,820.6054,874.2238,0.7000,0.6450,0.7500
B6,RDM,nonstationary,810.2018,192.2808,785.6268,833.9978,0.8350,0.7950,0.8700
B6,InfoGap,stationary,819.4337,211.4423,789.1623,847.1109,0.6450,0.5900,0.7050
B6,InfoGap,nonstationary,796.1358,216.2219,765.2004,824.0695,0.8000,0.7450,0.8550
B6,AlwaysRestricted,stationary,334.5740,498.5493,285.2253,387.4337,0.7600,0.7050,0.8150
B6,AlwaysRestricted,nonstationary,241.6483,571.3715,154.0310,320.5455,0.9050,0.8650,0.9450
B6,MyopicEU,stationary,825.0407,193.8767,802.1934,847.1699,0.6600,0.6100,0.7100
B6,MyopicEU,nonstationary,802.6634,210.6676,778.8434,826.9108,0.7900,0.7300,0.8450
B6,SARSOP_Misspec,stationary,717.1048,284.9595,682.5131,753.8844,0.6700,0.6200,0.7150
B6,SARSOP_Misspec,nonstationary,703.0965,254.8215,672.9548,733.6480,0.8350,0.7750,0.8900
B6,SDP_S_Misspec,stationary,788.5422,211.2022,752.5159,823.8652,0.6900,0.6250,0.7600
B6,SDP_S_Misspec,nonstationary,789.2035,194.7894,758.5156,820.3940,0.7450,0.6850,0.8050
B6,ELS_Phil_T,stationary,652.5742,314.0834,598.4183,703.4622,0.7750,0.7150,0.8350
B6,ELS_Phil_T,nonstationary,657.4341,290.7008,615.1128,700.0587,0.8450,0.7850,0.9000
B6,ELS_Int_T,stationary,639.7428,349.7354,595.1002,684.6502,0.8050,0.7550,0.8500
B6,ELS_Int_T,nonstationary,649.8091,314.8064,607.6813,690.8492,0.8550,0.8000,0.9050
B7,ELS_Phil,stationary,141.7374,860.5743,51.8347,236.5654,0.7750,0.7050,0.8350
B7,ELS_Phil,nonstationary,202.1363,893.3316,83.4039,315.1753,0.8200,0.7750,0.8600
B7,ELS_Pres,stationary,-19.1135,1101.3342,-152.9157,116.9151,0.8600,0.8150,0.9000
B7,ELS_Pres,nonstationary,-102.6847,992.8127,-247.3878,45.4495,0.8850,0.8250,0.9400
B7,ELS_Int,stationary,113.3227,1142.5587,-47.1117,263.0099,0.8300,0.7800,0.8750
B7,ELS_Int,nonstationary,-149.0848,1020.5415,-272.8129,-26.3431,0.8500,0.7850,0.9050
B7,SARSOP,stationary,1217.0634,344.6830,1163.3498,1275.7522,0.5750,0.5200,0.6250
B7,SARSOP,nonstationary,1236.6668,373.1933,1183.8595,1289.7030,0.7350,0.6750,0.7950
B7,PBVI,stationary,1244.4182,366.5051,1195.8757,1297.5915,0.6000,0.5400,0.6600
B7,PBVI,nonstationary,1256.9231,410.5919,1212.1386,1300.9662,0.7200,0.6500,0.7900
B7,SDP_S,stationary,1326.8978,323.5866,1275.4397,1373.4765,0.4900,0.4150,0.5600
B7,SDP_S,nonstationary,1303.2320,315.9000,1260.8436,1345.6223,0.5950,0.5350,0.6600
B7,SDP_NS,stationary,1337.5273,308.1189,1306.8307,1369.7753,0.5300,0.4500,0.6000
B7,SDP_NS,nonstationary,1335.9318,330.7685,1302.0901,1372.9956,0.5700,0.5200,0.6150
B7,MPC,stationary,1294.5283,322.0203,1253.2001,1332.7940,0.5550,0.4950,0.6150
B7,MPC,nonstationary,1301.3261,334.9272,1254.6811,1347.4504,0.5250,0.4800,0.5700
B7,RDM,stationary,1292.5845,318.7015,1258.6395,1325.3059,0.5000,0.4250,0.5800
B7,RDM,nonstationary,1355.0896,322.9296,1313.4159,1401.7342,0.6550,0.6100,0.7050
B7,InfoGap,stationary,1115.6716,386.9617,1072.7558,1162.1534,0.4250,0.3600,0.4900
B7,InfoGap,nonstationary,1110.2211,353.3173,1070.6723,1149.9293,0.4750,0.4100,0.5400
B7,AlwaysRestricted,stationary,-517.7367,1462.4399,-702.2625,-325.6428,0.6150,0.5450,0.6750
B7,AlwaysRestricted,nonstationary,-648.3665,1565.2361,-800.2451,-503.2708,0.6550,0.5950,0.7100
B7,MyopicEU,stationary,1351.3993,359.2080,1302.1345,1404.5801,0.5050,0.4350,0.5750
B7,MyopicEU,nonstationary,1323.3098,315.5400,1291.8651,1354.1865,0.5750,0.5200,0.6300
B7,SARSOP_Misspec,stationary,1277.3545,385.7968,1222.6652,1342.9723,0.6650,0.6000,0.7300
B7,SARSOP_Misspec,nonstationary,1229.0938,345.0278,1190.8953,1266.6955,0.7100,0.6350,0.7850
B7,SDP_S_Misspec,stationary,1315.4002,344.3296,1264.3452,1375.2050,0.5000,0.4300,0.5750
B7,SDP_S_Misspec,nonstationary,1309.5543,330.7614,1270.8485,1348.8802,0.5100,0.4400,0.5750
B7,ELS_Phil_T,stationary,1304.1734,345.9121,1278.1322,1330.7854,0.5550,0.4950,0.6150
B7,ELS_Phil_T,nonstationary,1339.5550,376.0755,1293.9416,1386.0794,0.6850,0.6150,0.7500
B7,ELS_Int_T,stationary,1301.9856,325.3427,1262.5089,1339.2375,0.6500,0.6000,0.7000
B7,ELS_Int_T,nonstationary,1272.8723,345.8214,1236.2460,1312.6385,0.6500,0.6050,0.6900
B8,ELS_Phil,stationary,594.9527,347.0016,539.6408,643.4794,0.6500,0.5950,0.7100
B8,ELS_Phil,nonstationary,503.2507,316.8226,448.1141,557.4539,0.8100,0.7500,0.8650
B8,ELS_Pres,stationary,89.6405,1124.4180,-69.9103,246.8145,0.8400,0.7900,0.8850
B8,ELS_Pres,nonstationary,92.2125,924.6537,-50.6159,225.2261,0.9150,0.8800,0.9450
B8,ELS_Int,stationary,262.2990,613.2888,171.3151,341.3162,0.8000,0.7300,0.8600
B8,ELS_Int,nonstationary,163.6610,549.9907,87.1709,234.9160,0.9250,0.8900,0.9550
B8,SARSOP,stationary,797.8432,244.3465,753.4010,848.2021,0.6150,0.5550,0.6750
B8,SARSOP,nonstationary,834.4231,241.8275,805.2257,864.3395,0.8000,0.7500,0.8450
B8,PBVI,stationary,817.4301,255.3697,778.2679,857.3594,0.6650,0.6150,0.7150
B8,PBVI,nonstationary,833.6729,237.6991,806.2244,862.0162,0.7700,0.7200,0.8200
B8,SDP_S,stationary,913.3927,159.1691,892.1314,931.9263,0.5800,0.5300,0.6350
B8,SDP_S,nonstationary,930.5804,167.9746,907.7814,951.6856,0.7750,0.7300,0.8200
B8,SDP_NS,stationary,928.3058,173.7900,909.3704,946.2568,0.6250,0.5600,0.6850
B8,SDP_NS,nonstationary,929.4109,178.4513,904.0589,952.0091,0.7200,0.6550,0.7800
B8,MPC,stationary,912.9885,183.7136,892.7000,934.2671,0.6100,0.5450,0.6750
B8,MPC,nonstationary,926.9174,185.1250,903.4871,946.7261,0.7400,0.6750,0.8000
B8,RDM,stationary,922.2846,191.7228,899.2345,946.5901,0.5850,0.5300,0.6350
B8,RDM,nonstationary,961.5404,221.8608,934.2314,991.1041,0.7500,0.7000,0.8000
B8,InfoGap,stationary,907.3686,219.3328,887.4816,928.6746,0.5600,0.4900,0.6300
B8,InfoGap,nonstationary,895.8028,193.9552,875.7348,916.8058,0.6850,0.6300,0.7401
B8,AlwaysRestricted,stationary,329.7692,541.9279,269.3782,394.7831,0.7150,0.6450,0.7800
B8,AlwaysRestricted,nonstationary,180.7172,693.1459,73.7648,270.1486,0.8300,0.7750,0.8800
B8,MyopicEU,stationary,912.1789,198.9645,883.2286,944.1384,0.5500,0.4700,0.6250
B8,MyopicEU,nonstationary,925.7943,189.7473,908.9653,942.6460,0.6250,0.5650,0.6850
B8,SARSOP_Misspec,stationary,841.6044,230.9429,809.3746,876.9519,0.6500,0.5950,0.7050
B8,SARSOP_Misspec,nonstationary,845.6458,237.3013,819.9417,871.2156,0.7850,0.7250,0.8450
B8,SDP_S_Misspec,stationary,921.8706,175.8677,903.4326,940.0276,0.7100,0.6550,0.7650
B8,SDP_S_Misspec,nonstationary,929.9621,177.3725,904.4978,956.2084,0.7250,0.6700,0.7750
B8,ELS_Phil_T,stationary,875.2813,223.1887,848.7290,901.4204,0.6150,0.5550,0.6750
B8,ELS_Phil_T,nonstationary,921.2720,213.9849,893.7932,952.3559,0.7700,0.7000,0.8300
B8,ELS_Int_T,stationary,848.7555,231.0780,819.4719,881.8491,0.6900,0.6400,0.7450
B8,ELS_Int_T,nonstationary,859.4148,243.1894,825.2749,894.3874,0.7850,0.7250,0.8450
B9,ELS_Phil,stationary,431.1770,467.8149,386.9754,476.2306,0.9150,0.8849,0.9450
B9,ELS_Phil,nonstationary,448.0979,500.6449,351.0663,545.3309,0.9100,0.8750,0.9500
B9,ELS_Pres,stationary,248.0972,896.4042,109.0753,380.3941,0.9400,0.9150,0.9650
B9,ELS_Pres,nonstationary,326.4935,554.0963,234.2974,411.5961,0.9550,0.9350,0.9750
B9,ELS_Int,stationary,277.7712,711.5543,180.0480,373.2166,0.8850,0.8450,0.9250
B9,ELS_Int,nonstationary,212.1705,642.9912,136.4853,286.5147,0.9250,0.8800,0.9650
B9,SARSOP,stationary,931.4934,299.2666,879.2574,992.3278,0.8050,0.7750,0.8400
B9,SARSOP,nonstationary,967.7987,311.2904,944.6529,990.4619,0.8550,0.8100,0.8950
B9,PBVI,stationary,924.7595,325.0789,876.5902,973.3790,0.7800,0.7400,0.8150
B9,PBVI,nonstationary,955.3449,329.0745,922.1615,990.6864,0.8800,0.8350,0.9250
B9,SDP_S,stationary,1033.0207,254.8883,1002.5778,1064.1316,0.7500,0.6850,0.8050
B9,SDP_S,nonstationary,1043.6058,251.0111,1010.2608,1075.8965,0.8450,0.7900,0.9000
B9,SDP_NS,stationary,1063.2083,257.3241,1036.1470,1094.7680,0.7450,0.6900,0.8050
B9,SDP_NS,nonstationary,1066.1888,278.6689,1028.9790,1102.7860,0.8150,0.7700,0.8600
B9,MPC,stationary,1044.8204,252.9528,1013.7714,1080.0396,0.7400,0.6700,0.8051
B9,MPC,nonstationary,1053.9020,257.6692,1016.8253,1090.3137,0.8300,0.7800,0.8800
B9,RDM,stationary,1041.0728,248.0123,999.9962,1079.8084,0.7600,0.7150,0.8050
B9,RDM,nonstationary,1132.8767,302.4213,1090.5753,1179.8820,0.8300,0.7900,0.8650
B9,InfoGap,stationary,1055.6979,279.3294,1018.2743,1096.0098,0.7650,0.7250,0.8100
B9,InfoGap,nonstationary,1035.1283,258.7474,1000.2445,1068.6908,0.8550,0.8250,0.8900
B9,AlwaysRestricted,stationary,-133.5866,754.3397,-232.5658,-41.2888,0.9350,0.9000,0.9650
B9,AlwaysRestricted,nonstationary,-332.5534,889.7362,-454.9978,-225.1931,0.9500,0.9250,0.9750
B9,MyopicEU,stationary,1042.6447,277.2689,1003.7807,1083.5864,0.7100,0.6450,0.7750
B9,MyopicEU,nonstationary,1040.9520,276.9729,1013.8451,1067.8420,0.8400,0.7900,0.8900
B9,SARSOP_Misspec,stationary,967.5323,317.9349,932.5759,1002.4255,0.8200,0.7749,0.8700
B9,SARSOP_Misspec,nonstationary,957.0479,321.5937,916.9697,997.0939,0.8950,0.8500,0.9350
B9,SDP_S_Misspec,stationary,1051.4294,262.3100,1027.2681,1078.7086,0.7850,0.7350,0.8350
B9,SDP_S_Misspec,nonstationary,1072.7394,253.8460,1027.8575,1112.8115,0.8150,0.7600,0.8700
B9,ELS_Phil_T,stationary,994.5133,295.2452,958.6054,1031.5730,0.8150,0.7700,0.8600
B9,ELS_Phil_T,nonstationary,1078.3550,290.1307,1033.3278,1129.0561,0.8600,0.8050,0.9100
B9,ELS_Int_T,stationary,992.3133,280.7963,966.8456,1018.3206,0.8150,0.7650,0.8600
B9,ELS_Int_T,nonstationary,989.1718,290.4615,957.4050,1019.8215,0.8400,0.7900,0.8850
B10,ELS_Phil,stationary,456.0557,398.3346,416.2718,499.6767,0.9250,0.8900,0.9550
B10,ELS_Phil,nonstationary,463.1003,413.7884,391.2331,533.0833,0.9650,0.9400,0.9900
B10,ELS_Pres,stationary,342.2234,519.2673,258.6014,419.5401,0.9550,0.9250,0.9850
B10,ELS_Pres,nonstationary,387.0860,470.6503,318.5508,455.3749,0.9500,0.9250,0.9750
B10,ELS_Int,stationary,361.0931,492.1081,300.0626,423.8072,0.9450,0.9150,0.9750
B10,ELS_Int,nonstationary,295.5811,448.2979,230.1877,359.0952,0.9650,0.9350,0.9900
B10,SARSOP,stationary,832.6437,235.4868,791.9313,875.6053,0.8900,0.8550,0.9250
B10,SARSOP,nonstationary,881.7210,250.6196,854.0376,906.3240,0.9300,0.8900,0.9650
B10,PBVI,stationary,828.8971,252.5919,799.4369,858.5384,0.8700,0.8399,0.9000
B10,PBVI,nonstationary,877.2579,258.6177,842.7980,910.6807,0.9400,0.9050,0.9700
B10,SDP_S,stationary,905.0924,223.7655,874.7696,936.4183,0.8350,0.7850,0.8850
B10,SDP_S,nonstationary,931.8523,220.4366,898.5248,959.6344,0.9100,0.8650,0.9500
B10,SDP_NS,stationary,934.6645,230.3456,907.9898,963.8140,0.8200,0.7650,0.8700
B10,SDP_NS,nonstationary,933.0589,223.6585,911.2384,955.7781,0.8800,0.8400,0.9200
B10,MPC,stationary,914.1980,213.9479,887.1572,946.1098,0.8050,0.7400,0.8700
B10,MPC,nonstationary,892.6511,238.2996,865.1215,918.0191,0.9100,0.8800,0.9400
B10,RDM,stationary,922.6930,214.5707,890.2751,954.2835,0.8250,0.7750,0.8750
B10,RDM,nonstationary,981.2175,241.5111,953.6925,1009.1170,0.9150,0.8850,0.9450
B10,InfoGap,stationary,911.6521,240.4556,884.2064,943.1835,0.8450,0.7900,0.9000
B10,InfoGap,nonstationary,930.2964,227.7657,906.1075,956.9226,0.9000,0.8750,0.9250
B10,AlwaysRestricted,stationary,-203.6873,623.2914,-270.8788,-137.3928,0.9600,0.9399,0.9800
B10,AlwaysRestricted,nonstationary,-359.5185,643.8623,-454.1360,-267.6606,0.9800,0.9600,0.9950
B10,MyopicEU,stationary,885.3982,232.7889,859.4683,911.8961,0.8100,0.7500,0.8700
B10,MyopicEU,nonstationary,912.0459,236.9445,884.2662,937.8954,0.9250,0.8950,0.9550
B10,SARSOP_Misspec,stationary,760.9961,281.5951,730.5302,793.8735,0.9250,0.8850,0.9650
B10,SARSOP_Misspec,nonstationary,768.5425,266.2979,741.6089,794.4311,0.9650,0.9350,0.9900
B10,SDP_S_Misspec,stationary,884.5939,236.1031,850.4355,919.8068,0.8800,0.8350,0.9201
B10,SDP_S_Misspec,nonstationary,910.4907,227.7292,871.0166,944.5506,0.9100,0.8750,0.9400
B10,ELS_Phil_T,stationary,888.8078,258.2171,851.8808,924.1275,0.9050,0.8600,0.9450
B10,ELS_Phil_T,nonstationary,936.8270,255.2722,897.9136,979.1328,0.9200,0.8750,0.9551
B10,ELS_Int_T,stationary,893.7154,220.3260,868.9802,917.2794,0.8650,0.8250,0.9000
B10,ELS_Int_T,nonstationary,878.4105,235.4404,843.5064,913.7247,0.9000,0.8600,0.9350
